trialEndTime,maxTrialTime,receivedResponse,rt,rsp,trialStartTime,trialN,stimulus1Loaded,stimulus0
965.844159,400000,True,879.454159,1.63,86.39,0,True,Jollyrancherred
1833.364176,400000,True,358.999176,0.75,1474.365,1,True,PopTartsCinnamon
2606.094641,400000,True,265.579641,1.55,2340.515,2,True,CornPops
3382.790562,400000,True,269.045562,2.52,3113.745,3,True,ApplePie
4147.738885,400000,True,257.618885,1.49,3890.12,4,True,wildberrynerds
4896.940392,400000,True,242.005392,0.29,4654.935,5,True,FrootLoops
5638.151843,400000,True,233.606843,1.38,5404.545,6,True,Lindt_small
6363.73673,400000,True,219.15173,1.75,6144.585,7,True,Twinkie
