trialDuration,trialEndTime,maxTrialTime,receivedResponse,trialStartTime,rt,rating,trialN,stimulus1,stimulus1Loaded
1426.165195,1494.045195,400000,True,67.88,1426.165195,1.75,0,FrootLoops,True
342.812175,2342.402175,400000,True,1999.59,342.812175,1.89,1,ApplePie,True
309.84605,3158.59105,400000,True,2848.745,309.84605,1.97,2,Twinkie,True
304.168479,3966.633479,400000,True,3662.465,304.168479,1.39,3,Lindt_small,True
335.697034,4806.982034,400000,True,4471.285,335.697034,0.58,4,Jollyrancherred,True
286.564726,5598.764726,400000,True,5312.2,286.564726,1.19,5,wildberrynerds,True
871.803883,6976.453883,400000,True,6104.65,871.803883,1.65,6,PopTartsCinnamon,True
343.16507,7824.74507,400000,True,7481.58,343.16507,2.48,7,CornPops,True
