trialDuration,trialEndTime,maxTrialTime,receivedResponse,trialStartTime,rt,rating,trialN,stimulus1,stimulus1Loaded
1.51040971068e+12,1510409710726,400000,True,41.8,1.51040971068e+12,1.45,0,wildberrynerds,True
1.51040970983e+12,1510409711654,400000,True,1820.4,1.51040970983e+12,1.03,1,ApplePie,True
1.51040970994e+12,1510409712688,400000,True,2748.1,1.51040970994e+12,0.57,2,PopTartsCinnamon,True
1510409709760,1510409713543,400000,True,3783.0,1510409709760,1.63,3,FrootLoops,True
1.51040970969e+12,1510409714330,400000,True,4638.1,1.51040970969e+12,2.12,4,CornPops,True
1.51040970963e+12,1510409715056,400000,True,5424.4,1.51040970963e+12,2.46,5,Jollyrancherred,True
1.51040970968e+12,1510409715831,400000,True,6150.7,1.51040970968e+12,1.75,6,Twinkie,True
1510409709697,1510409716623,400000,True,6926,1510409709697,2.23,7,Lindt_small,True
