trialEndTime,maxTrialTime,receivedResponse,rt,rsp,trialStartTime,trialN,stimulus1Loaded,stimulus0
1244.72331,400000,True,1155.85331,1.56,88.87,0,True,wildberrynerds
2490.67619,400000,True,734.24619,0.49,1756.43,1,True,FrootLoops
3996.920136,400000,True,996.915136,1.19,3000.005,2,True,Lindt_small
4895.879461,400000,True,392.524461,1.59,4503.355,3,True,Jollyrancherred
5798.959856,400000,True,395.464856,2.42,5403.495,4,True,ApplePie
6690.371646,400000,True,386.046646,2.73,6304.325,5,True,PopTartsCinnamon
7944.192118,400000,True,745.007118,2.96,7199.185,6,True,CornPops
8882.781485,400000,True,433.136485,1.55,8449.645,7,True,Twinkie
