stimulus1Loaded,stimulus1,trialN,rsp,rt,trialStartTime,receivedResponse,maxTrialTime,trialEndTime,trialDuration
True,Jollyrancherred,0,10200.532776,2.38,213,True,400000,10413.532776,10200.532776
True,PopTartsCinnamon,1,345.923233,1.92,10927.375,True,400000,11273.298233,345.923233
True,ApplePie,2,357.390771,2.56,11791.285,True,400000,12148.675771,357.390771
True,FrootLoops,3,397.218989,1.9,12666.665,True,400000,13063.883989,397.218989
True,wildberrynerds,4,1031.731868,1.09,13581.705,True,400000,14613.436868,1031.731868
True,Twinkie,5,616.113944,1.66,15125.255,True,400000,15741.368944,616.113944
True,CornPops,6,593.88364,2.16,16251.66,True,400000,16845.54364,593.88364
True,Lindt_small,7,993.565208,1.44,17358.735,True,400000,18352.300208,993.565208
