trialDuration,trialEndTime,maxTrialTime,receivedResponse,trialStartTime,rt,rating,trialN,stimulus1,stimulus1Loaded
1288.568074,1414.268074,400000,True,125.7,1288.568074,1.37,0,wildberrynerds,True
352.831034,2274.866034,400000,True,1922.035,352.831034,1.57,1,PopTartsCinnamon,True
335.036851,3115.641851,400000,True,2780.605,335.036851,2.44,2,CornPops,True
367.040383,3988.605383,400000,True,3621.565,367.040383,2.82,3,Twinkie,True
1146.141276,5645.451276,400000,True,4499.31,1146.141276,2.92,4,Jollyrancherred,True
1226.282336,7379.217336,400000,True,6152.935,1226.282336,0.04,5,ApplePie,True
327.481149,8211.766149,400000,True,7884.285,327.481149,0.41,6,Lindt_small,True
311.166945,9028.021945,400000,True,8716.855,311.166945,1.13,7,FrootLoops,True
