trialEndTime,maxTrialTime,receivedResponse,rt,rsp,trialStartTime,trialN,stimulus1Loaded,stimulus0
956.707463,400000,True,869.607463,1.78,87.1,0,True,CornPops
2459.099543,400000,True,991.104543,0.57,1467.995,1,True,Jollyrancherred
3373.815388,400000,True,405.760388,1.59,2968.055,2,True,FrootLoops
4280.737888,400000,True,400.627888,2.19,3880.11,3,True,Twinkie
5242.956356,400000,True,454.121356,2.71,4788.835,4,True,Lindt_small
6496.73806,400000,True,742.08806,2.6,5754.65,5,True,wildberrynerds
7648.161674,400000,True,643.971674,1.75,7004.19,6,True,ApplePie
8645.690785,400000,True,489.410785,1.35,8156.28,7,True,PopTartsCinnamon
