stimulus1Loaded,stimulus1,stimulus2Bid,trialN,stimulus11,trialStartTime,rsp,selected,rt,receivedResponse,stimulus1Bid,maxTrialTime,trialEndTime,stimulus2Loaded,trialDuration
True,Twinkie,376.727558,0,Twinkie,167.105,891.921,Twinkie,u,True,376.727558,400000,1059.026,True,891.921
True,PopTartsCinnamon,353.834301,1,FrootLoops,1566.83,216.158219,FrootLoops,i,True,236.40367,400000,1782.988219,True,216.158219
True,Jollyrancherred,236.40367,2,PopTartsCinnamon,2286.84,166.216155,PopTartsCinnamon,i,True,271.974552,400000,2453.056155,True,166.216155
True,wildberrynerds,346.144075,3,wildberrynerds,2958.21,422.698609,wildberrynerds,u,True,346.144075,400000,3380.908609,True,422.698609
True,FrootLoops,377.17848,4,CornPops,3886.53,151.435497,CornPops,i,True,353.834301,400000,4037.965497,True,151.435497
True,Lindt_small,1902.078309,5,ApplePie,4543.53,124.489763,Lindt_small,u,True,455.853091,400000,4668.019763,True,124.489763
True,ApplePie,271.974552,6,Jollyrancherred,5176.255,115.870569,Jollyrancherred,i,True,1902.078309,400000,5292.125569,True,115.870569
True,CornPops,455.853091,7,Lindt_small,5796.03,57.794149,CornPops,u,True,377.17848,400000,5853.824149,True,57.794149
